Model_Name,loss,mean_absolute_error,mean_squared_error,mae_longitude,mae_latitude,mse_longitude,mse_latitude
Original Regressive Model,0.8874377608299255,0.7207131385803223,0.8874377608299255,0.7361759611671084,0.7052501407429674,0.9618408933261644,0.8130347825762871
Reversed Regressive Model,2.1729726791381836,1.1391651630401611,2.1729726791381836,0.9172500872313643,1.3610804562512886,1.6814117354995344,2.664533107548024
