Model_Name,loss,mean_absolute_error,mean_squared_error,mae_longitude,mae_latitude,mse_longitude,mse_latitude
Original Regressive Model,0.8356442451477051,0.6935034990310669,0.8356442451477051,0.013703755631291049,0.0016439376360716062,0.0003458958040762987,4.443626407154983e-06
Reversed Regressive Model,2.341238260269165,1.1955010890960693,2.341238260269165,0.026356779283806846,0.002500628078152164,0.0008981571234217465,9.00723618568074e-06
