Model_Name,loss,mean_absolute_error,mean_squared_error,mae_longitude,mae_latitude,mse_longitude,mse_latitude
Original Regressive Model,0.7951700091362,0.6521283388137817,0.7951700091362,0.4944996694095903,0.8097568966118105,0.557875688520857,1.0324644779867636
Reversed Regressive Model,2.2566452026367188,1.1859629154205322,2.2566452026367188,1.4879355930390974,1.316856622874184,2.8568229612179565,2.552892719715187
