Model_Name,loss,mean_absolute_error,mean_squared_error,mae_longitude,mae_latitude,mse_longitude,mse_latitude
Original Regressive Model,0.8736576437950134,0.7309972047805786,0.8736576437950134,0.7219680139952848,0.7400264787663792,0.8781940501173608,0.8691214613722508
Reversed Regressive Model,2.194957733154297,1.1420971155166626,2.194957733154297,0.8118092592617809,1.3832267297188676,1.3439743108976303,2.7342080405696527
