Model_Name,loss,mean_absolute_error,mean_squared_error,mae_longitude,mae_latitude,mse_longitude,mse_latitude
Original Regressive Model,0.8436291217803955,0.7116995453834534,0.8436291217803955,0.6846019476559013,0.7387971306705621,0.8282670858673508,0.8589913587137052
Reversed Regressive Model,2.434286594390869,1.2354793548583984,2.434286594390869,1.03366186140718,1.4372967648377817,1.9399825820041587,2.928591074879554
